{
	"format_version": "1.8.0",
	"animations": {
		"animation.flyer.main": {
			"loop": true,
			"animation_length": 3.082,
			"bones": {
				"bone": {
					"rotation": {
						"0.0": {
							"vector": [-95, 0, 0]
						},
						"0.1587": {
							"vector": [-93.04868, -3.9649, -52.39445]
						},
						"0.3175": {
							"vector": [-94.53359, 2.11089, 24.91643]
						},
						"0.4762": {
							"vector": [-93.04868, -3.9649, -52.39445]
						},
						"0.6349": {
							"vector": [-94.53359, 2.11089, 24.91643]
						},
						"0.8598": {
							"vector": [-93.04868, -3.9649, -52.39445]
						},
						"1.0185": {
							"vector": [-94.53359, 2.11089, 24.91643]
						},
						"1.1772": {
							"vector": [-93.04868, -3.9649, -52.39445]
						},
						"1.336": {
							"vector": [-94.53359, 2.11089, 24.91643]
						},
						"1.4947": {
							"vector": [-93.04868, -3.9649, -52.39445]
						},
						"1.6534": {
							"vector": [-94.53359, 2.11089, 24.91643]
						},
						"1.8122": {
							"vector": [-93.04868, -3.9649, -52.39445]
						},
						"1.9709": {
							"vector": [-94.53359, 2.11089, 24.91643]
						},
						"2.1296": {
							"vector": [-93.04868, -3.9649, -52.39445]
						},
						"2.2884": {
							"vector": [-94.53359, 2.11089, 24.91643]
						},
						"2.4471": {
							"vector": [-93.04868, -3.9649, -52.39445]
						},
						"2.6058": {
							"vector": [-94.53359, 2.11089, 24.91643]
						},
						"2.7646": {
							"vector": [-93.04868, -3.9649, -52.39445]
						},
						"2.9233": {
							"vector": [-94.53359, 2.11089, 24.91643]
						},
						"3.082": {
							"vector": [-95, 0, 0]
						}
					}
				},
				"bone2": {
					"rotation": {
						"0.0": {
							"vector": [92.5, 0, 0]
						},
						"0.1587": {
							"vector": [91.68956, -1.84293, 47.47282]
						},
						"0.3175": {
							"vector": [92.34941, 0.85481, -19.98247]
						},
						"0.4762": {
							"vector": [91.26181, -1.01647, 37.56665]
						},
						"0.6349": {
							"vector": [91.17269, 1.11812, -44.91071]
						},
						"0.8598": {
							"vector": [91.21628, -1.07054, 40.06648]
						},
						"1.0185": {
							"vector": [90.90289, 1.34542, -57.41155]
						},
						"1.1772": {
							"vector": [90.95575, -1.3084, 52.56693]
						},
						"1.336": {
							"vector": [91.53529, 0.51784, -19.91522]
						},
						"1.4947": {
							"vector": [91.21628, -1.07054, 40.06648]
						},
						"1.7593": {
							"vector": [91.30858, 0.9555, -37.41124]
						},
						"2.0106": {
							"vector": [91.38367, -0.84309, 30.06766]
						},
						"2.2619": {
							"vector": [91.17269, 1.11812, -44.91071]
						},
						"2.4471": {
							"vector": [90.95575, -1.3084, 52.56693]
						},
						"2.6058": {
							"vector": [91.07078, 1.21607, -49.91079]
						},
						"2.7646": {
							"vector": [90.95575, -1.3084, 52.56693]
						},
						"2.9233": {
							"vector": [91.07078, 1.21607, -49.91079]
						},
						"3.082": {
							"vector": [92.5, 0, 0]
						}
					}
				},
				"bone4": {
					"rotation": {
						"vector": ["math.sin(query.anim_time * 120) * 6", 0, "math.cos(query.anim_time * 100) * 4"]
					},
					"position": {
						"vector": [0, "math.sin(query.anim_time * 90) * 1", 0]
					}
				}
			}
		},
		"animation.flyer.stand": {
			"animation_length": 10,
			"bones": {
				"bone": {
					"rotation": {
						"vector": [-92.50473, 0.21782, -2.4905]
					}
				},
				"bone2": {
					"rotation": {
						"0.0": {
							"vector": [-95.5, 0, 0]
						},
						"1.0": {
							"vector": [-89.04277, -2.30959, 67.4807],
							"easing": "easeInCirc"
						},
						"2.0": {
							"vector": [-87.50238, 0.10901, -2.49762],
							"easing": "easeOutCirc"
						},
						"2.9583": {
							"vector": [-88.9429, 2.26564, -64.9791],
							"easing": "easeInCirc"
						},
						"4.0": {
							"vector": [-87.5, 0, 0],
							"easing": "easeOutCirc"
						},
						"5.0": {
							"vector": [-89.04277, -2.30959, 67.4807],
							"easing": "easeInCirc"
						},
						"6.0": {
							"vector": [-88.9429, 2.26564, -64.9791],
							"easing": "easeOutCirc"
						},
						"7.0417": {
							"vector": [-87.5, 0, 0],
							"easing": "easeInCirc"
						},
						"8.0": {
							"vector": [-89.04277, -2.30959, 67.4807],
							"easing": "easeOutCirc"
						},
						"9.0": {
							"vector": [-88.9429, 2.26564, -64.9791],
							"easing": "easeInCirc"
						},
						"9.9583": {
							"vector": [-87.5, 0, 0],
							"easing": "easeOutCirc"
						}
					}
				},
				"bone4": {
					"rotation": {
						"vector": ["math.sin(query.anim_time * 120) * 6", 0, "math.cos(query.anim_time * 100) * 4"]
					},
					"position": {
						"vector": [0, "math.sin(query.anim_time * 90) * 1", 0]
					}
				}
			}
		}
	},
	"geckolib_format_version": 2
}