{
	"format_version": "1.8.0",
	"animations": {
		"animation.rc.idle": {
			"loop": true,
			"animation_length": 13.3333,
			"bones": {
				"lr": {
					"rotation": {
						"0.0": {
							"vector": [0, 0, 0]
						},
						"2.0": {
							"vector": [-2.5, 0, 0]
						},
						"3.0": {
							"vector": [2.5, 0, 0]
						},
						"5.0": {
							"vector": [2.49762, -0.10901, 2.49762]
						},
						"7.0": {
							"vector": [0, 0, 0]
						},
						"8.0": {
							"vector": [0, 0, 0]
						},
						"10.0": {
							"vector": [-2.5, 0, 0]
						},
						"12.0": {
							"vector": [2.5, 0, 0]
						},
						"13.0": {
							"vector": [2.49762, -0.10901, 2.49762]
						}
					}
				},
				"ll": {
					"rotation": {
						"0.0": {
							"vector": [0, 0, 0]
						},
						"2.0": {
							"vector": [-2.5, 0, 0]
						},
						"3.0": {
							"vector": [2.5, 0, 0]
						},
						"5.0": {
							"vector": [2.49762, -0.10901, 2.49762]
						},
						"7.0": {
							"vector": [0, 0, 0]
						},
						"8.0": {
							"vector": [0, 0, 0]
						},
						"10.0": {
							"vector": [-2.5, 0, 0]
						},
						"12.0": {
							"vector": [2.5, 0, 0]
						},
						"13.0": {
							"vector": [2.49762, -0.10901, 2.49762]
						}
					}
				},
				"chest": {
					"rotation": {
						"0.0": {
							"vector": [0, 0, 0]
						},
						"2.0": {
							"vector": [-2.5, 0, 0]
						},
						"3.0": {
							"vector": [2.5, 0, 0]
						},
						"5.0": {
							"vector": [2.49762, -0.10901, 2.49762]
						},
						"7.0": {
							"vector": [0, 0, 0]
						},
						"8.0": {
							"vector": [0, 0, 0]
						},
						"10.0": {
							"vector": [-2.5, 0, 0]
						},
						"12.0": {
							"vector": [2.5, 0, 0]
						},
						"13.0": {
							"vector": [2.49762, -0.10901, 2.49762]
						}
					}
				},
				"la": {
					"rotation": {
						"0.0": {
							"vector": [0, 0, 0]
						},
						"2.0": {
							"vector": [-2.5, 0, 0]
						},
						"3.0": {
							"vector": [2.5, 0, 0]
						},
						"5.0": {
							"vector": [2.49762, -0.10901, 2.49762]
						},
						"7.0": {
							"vector": [0, 0, 0]
						},
						"8.0": {
							"vector": [0, 0, 0]
						},
						"10.0": {
							"vector": [-2.5, 0, 0]
						},
						"12.0": {
							"vector": [2.5, 0, 0]
						},
						"13.0": {
							"vector": [2.49762, -0.10901, 2.49762]
						}
					},
					"position": {
						"vector": [0, 0, 0]
					}
				},
				"ra": {
					"rotation": {
						"0.0": {
							"vector": [0, 0, 0]
						},
						"2.0": {
							"vector": [-2.5, 0, 0]
						},
						"3.0": {
							"vector": [2.5, 0, 0]
						},
						"5.0": {
							"vector": [2.49762, -0.10901, 2.49762]
						},
						"7.0": {
							"vector": [0, 0, 0],
							"easing": "linear"
						},
						"8.0": {
							"vector": [0, 0, 0]
						},
						"10.0": {
							"vector": [-2.5, 0, 0]
						},
						"12.0": {
							"vector": [2.5, 0, 0]
						},
						"13.0": {
							"vector": [2.49762, -0.10901, 2.49762]
						}
					},
					"position": {
						"vector": [0, 0, 0]
					}
				},
				"head": {
					"rotation": {
						"0.0": {
							"vector": [0, 0, 0]
						},
						"2.0": {
							"vector": [-15, 0, 0]
						},
						"3.0": {
							"vector": [2.5, 0, 0]
						},
						"5.0": {
							"vector": [2.49762, -0.10901, 2.49762]
						},
						"7.0": {
							"vector": [0, 0, 0]
						},
						"8.0": {
							"vector": [0, 0, 0]
						},
						"10.0": {
							"vector": [-15, 0, 0]
						},
						"12.0": {
							"vector": [2.5, 0, 0]
						},
						"13.0": {
							"vector": [2.49762, -0.10901, 2.49762]
						}
					}
				}
			}
		},
		"animation.rc.explode": {
			"animation_length": 1.875,
			"bones": {
				"lr": {
					"rotation": {
						"0.0": {
							"vector": [0, 0, 0]
						},
						"0.0417": {
							"vector": [-2.5, 0, 0]
						},
						"0.0833": {
							"vector": [2.5, 0, 0]
						},
						"0.125": {
							"vector": [2.49762, -0.10901, 2.49762]
						},
						"0.1667": {
							"vector": [0, 0, 0]
						},
						"0.2083": {
							"vector": [0, 0, 0]
						},
						"0.25": {
							"vector": [-2.5, 0, 0]
						},
						"0.2917": {
							"vector": [2.5, 0, 0]
						},
						"0.3333": {
							"vector": [2.49762, -0.10901, 2.49762]
						},
						"0.375": {
							"vector": [0, 0, 0]
						},
						"0.5833": {
							"vector": [-65, 0, 0]
						}
					},
					"position": {
						"0.4167": {
							"vector": [0, 0, 0]
						},
						"0.5833": {
							"vector": [0, -12, 0]
						}
					}
				},
				"ll": {
					"rotation": {
						"0.0": {
							"vector": [0, 0, 0]
						},
						"0.0417": {
							"vector": [-2.5, 0, 0]
						},
						"0.0833": {
							"vector": [2.5, 0, 0]
						},
						"0.125": {
							"vector": [2.49762, -0.10901, 2.49762]
						},
						"0.1667": {
							"vector": [0, 0, 0]
						},
						"0.2083": {
							"vector": [0, 0, 0]
						},
						"0.25": {
							"vector": [-2.5, 0, 0]
						},
						"0.2917": {
							"vector": [2.5, 0, 0]
						},
						"0.3333": {
							"vector": [2.49762, -0.10901, 2.49762]
						},
						"0.375": {
							"vector": [0, 0, 0]
						},
						"0.5833": {
							"vector": [-70, 0, 0]
						}
					},
					"position": {
						"0.4167": {
							"vector": [0, 0, 0]
						},
						"0.5833": {
							"vector": [0, -13, 0]
						}
					}
				},
				"chest": {
					"rotation": {
						"0.0": {
							"vector": [0, 0, 0]
						},
						"0.0417": {
							"vector": [-2.5, 0, 0]
						},
						"0.0833": {
							"vector": [2.5, 0, 0]
						},
						"0.125": {
							"vector": [2.49762, -0.10901, 2.49762]
						},
						"0.1667": {
							"vector": [0, 0, 0]
						},
						"0.2083": {
							"vector": [0, 0, 0]
						},
						"0.25": {
							"vector": [-2.5, 0, 0]
						},
						"0.2917": {
							"vector": [2.5, 0, 0]
						},
						"0.3333": {
							"vector": [2.49762, -0.10901, 2.49762]
						},
						"0.375": {
							"vector": [0, 0, 0]
						},
						"0.4167": {
							"vector": [-2.5, 0, 0]
						},
						"0.4583": {
							"vector": [2.5, 0, 0]
						},
						"0.5": {
							"vector": [2.49762, -0.10901, 2.49762]
						},
						"0.5417": {
							"vector": [0, 0, 0]
						},
						"0.5833": {
							"vector": [0, 0, 0]
						},
						"0.625": {
							"vector": [-2.5, 0, 0]
						},
						"0.6667": {
							"vector": [2.5, 0, 0]
						},
						"0.7083": {
							"vector": [2.49762, -0.10901, 2.49762]
						},
						"0.75": {
							"vector": [0, 0, 0]
						},
						"0.7917": {
							"vector": [-2.5, 0, 0]
						},
						"0.8333": {
							"vector": [2.5, 0, 0]
						},
						"0.875": {
							"vector": [2.49762, -0.10901, 2.49762]
						},
						"0.9167": {
							"vector": [0, 0, 0]
						},
						"0.9583": {
							"vector": [0, 0, 0]
						},
						"1.0": {
							"vector": [-2.5, 0, 0]
						},
						"1.0417": {
							"vector": [2.5, 0, 0]
						},
						"1.0833": {
							"vector": [2.49762, -0.10901, 2.49762]
						},
						"1.125": {
							"vector": [2.5, 0, 0]
						},
						"1.1667": {
							"vector": [2.49762, -0.10901, 2.49762]
						},
						"1.2083": {
							"vector": [0, 0, 0]
						},
						"1.25": {
							"vector": [0, 0, 0]
						},
						"1.2917": {
							"vector": [-2.5, 0, 0]
						},
						"1.3333": {
							"vector": [2.5, 0, 0]
						},
						"1.375": {
							"vector": [2.49762, -0.10901, 2.49762]
						},
						"1.4167": {
							"vector": [-2.5, 0, 0]
						},
						"1.4583": {
							"vector": [2.5, 0, 0]
						},
						"1.5": {
							"vector": [2.49762, -0.10901, 2.49762]
						},
						"1.5417": {
							"vector": [0, 0, 0]
						},
						"1.5833": {
							"vector": [0, 0, 0]
						},
						"1.625": {
							"vector": [-2.5, 0, 0]
						},
						"1.6667": {
							"vector": [2.5, 0, 0]
						},
						"1.7083": {
							"vector": [2.49762, -0.10901, 2.49762]
						},
						"1.75": {
							"vector": [0, 0, 0]
						},
						"1.7917": {
							"vector": [0, 0, 0]
						}
					},