{
	"format_version": "1.8.0",
	"animations": {
		"animation.woodfall_solider.attack": {
			"animation_length": 0.5313,
			"bones": {
				"arm 2": {
					"rotation": {
						"0.0": {
							"vector": [0, 0, -32.5]
						},
						"0.1119": {
							"vector": [-75.7997, -33.45846, -17.45114]
						},
						"0.1678": {
							"vector": [-116.14181, 13.34989, -25.84519]
						},
						"0.2796": {
							"vector": [-51.99607, -29.33905, -59.71102],
							"easing": "easeInBack"
						},
						"0.3915": {
							"vector": [24.10944, -25.97438, -71.24909],
							"easing": "easeOutCirc"
						},
						"0.4754": {
							"vector": [0, 0, -32.5]
						}
					},
					"position": {
						"0.0": {
							"vector": [0, 0, 0]
						},
						"0.1678": {
							"vector": [1, 0, 4]
						},
						"0.2796": {
							"vector": [1, 0, -3]
						},
						"0.3635": {
							"vector": [3, 0, -4]
						},
						"0.4195": {
							"vector": [3, 0, -5]
						},
						"0.4754": {
							"vector": [0, 0, 0]
						}
					},
					"scale": {
						"0.0": {
							"vector": [1, 1, 1]
						},
						"0.3635": {
							"vector": [1, 1, 1.1]
						},
						"0.4754": {
							"vector": [1, 1, 1]
						}
					}
				},
				"arm": {
					"rotation": {
						"0.0": {
							"vector": [0, 5, 0]
						},
						"0.1678": {
							"vector": [0, 37.5, 0]
						},
						"0.2796": {
							"vector": [0, -22.5, 0]
						},
						"0.4195": {
							"vector": [5.92994, -49.74086, -7.7508]
						},
						"0.4754": {
							"vector": [0, 5, 0]
						}
					}
				},
				"head": {
					"rotation": {
						"0.0": {
							"vector": [0, 0, 0]
						},
						"0.1678": {
							"vector": [-2.5, 0, 0]
						},
						"0.3915": {
							"vector": [10, 0, 0]
						},
						"0.4754": {
							"vector": [0, 0, 0]
						}
					}
				},
				"torso": {
					"rotation": {
						"0.0": {
							"vector": [0, 0, 0]
						},
						"0.1678": {
							"vector": [-5, 0, 0]
						},
						"0.4754": {
							"vector": [0, 0, 0]
						}
					}
				},
				"leg2": {
					"rotation": {
						"0.0": {
							"vector": [10, 0, 0]
						},
						"0.2517": {
							"vector": [2.5, 0, 0]
						},
						"0.4754": {
							"vector": [10, 0, 0]
						}
					}
				},
				"leg": {
					"rotation": {
						"0.0": {
							"vector": [-5, 0, 0]
						},
						"0.2517": {
							"vector": [5, 0, 0]
						},
						"0.4754": {
							"vector": [-5, 0, 0]
						}
					}
				},
				"arm2": {
					"rotation": {
						"0.0": {
							"vector": [0, 0, 0]
						},
						"0.2237": {
							"vector": [0, -20, 0]
						},
						"0.3915": {
							"vector": [0, -2.5, 0]
						},
						"0.4754": {
							"vector": [0, 0, 0]
						}
					}
				}
			}
		},
		"animation.woodfall_solider.idle": {
			"loop": true,
			"animation_length": 5.0833,
			"bones": {
				"arm 2": {
					"rotation": {
						"0.0": {
							"vector": [0, -52.5, 0]
						},
						"2.375": {
							"vector": [17.74631, -47.64947, -22.57113]
						},
						"2.625": {
							"vector": [15.95, -48.14, -20.28]
						},
						"5.0": {
							"vector": [0, -52.5, 0]
						},
						"5.0417": {
							"vector": [0, -52.5, 0]
						}
					},
					"position": {
						"0.0": {
							"vector": [0, 0, 0]
						},
						"1.25": {
							"vector": [0, -1, 0]
						},
						"5.0": {
							"vector": [0, 0, 0]
						}
					}
				},
				"arm": {
					"rotation": {
						"0.0": {
							"vector": [0, 0, 0]
						},
						"1.25": {
							"vector": [0, 2.5, -7.5]
						},
						"5.0417": {
							"vector": [0, 0, 0]
						}
					}
				},
				"head": {
					"rotation": {
						"0.0": {
							"vector": [0, 0, 0]
						},
						"0.9583": {
							"vector": [0, -2.5, 0]
						},
						"2.2917": {
							"vector": [0, 5, 0]
						},
						"3.6667": {
							"vector": [-5, -2.5, 0]
						},
						"5.0833": {
							"vector": [0, 0, 0]
						}
					},
					"position": {
						"0.0": {
							"vector": [0, 0, 0]
						},
						"5.0833": {
							"vector": [0, 0, 0]
						}
					}
				},
				"torso": {
					"rotation": {
						"0.0": {
							"vector": [5, 0, 0]
						},
						"0.9583": {
							"vector": [2.5, 0, 0]
						},
						"2.4167": {
							"vector": [0, 0, 0]
						},
						"3.4583": {
							"vector": [-2.5, 0, 0]
						},
						"5.0417": {
							"vector": [5, 0, 0]
						}
					}
				},
				"bone": {
					"position": {
						"0.0": {
							"vector": [0, 0, 0]
						},
						"1.5417": {
							"vector": [0, 0, -1]
						},
						"5.0417": {
							"vector": [0, 0, 0]
						}
					}
				},
				"pelvis": {
					"rotation": {
						"0.0": {
							"vector": [5, 0, 0]
						},
						"1.25": {
							"vector": [-2.5, 0, 0]
						},
						"2.0417": {
							"vector": [-2.50954, 4.99523, -0.21865]
						},
						"3.6667": {
							"vector": [-2.5, 0, 0]
						},
						"5.0417": {
							"vector": [5, 0, 0]
						}
					},
					"position": {
						"vector": [0, 0, 0]
					},
					"scale": {
						"vector": [1, 1, 1]
					}
				},
				"leg": {
					"rotation": {
						"0.0": {
							"vector": [0, 0, 0]
						},
						"1.5417": {
							"vector": [-2.5, 0, 0]
						},
						"5.0417": {
							"vector": [0, 0, 0]
						}
					},
					"position": {
						"0.0": {
							"vector": [0, 0, 0]
						},
						"1.2083": {
							"vector": [0, 0, 0]
						},
						"5.0417": {
							"vector": [0, 0, 0]
						}
					},
					"scale": {
						"0.0": {
							"vector": [1, 1, 1]
						},
						"1.2083": {
							"vector": [1, 1, 1]
						},
						"5.0417": {
							"vector": [1, 1, 1]
						}
					}
				},
				"arm2": {
					"rotation": {
						"0.0": {
							"vector": [0, 0, 0]
						},
						"1.8333": {
							"vector": [5, 0, 2.5]
						},
						"5.0417": {
							"vector": [0, 0, 0]
						}
					}
				}
			}
		},
		"animation.woodfall_solider.walk": {
			"loop": true,
			"animation_length": 0.6077,
			"bones": {
				"arm 2": {
					"rotation": {
						"0.0": {
							"vector": [0, -37.5, 0]
						},
						"0.0596": {
							"vector": [11.23272, -36.01651, -18.66201]
						},
						"0.2741": {
							"vector": [5.86198, 0.82821, -14.52836]
						},
						"0.5958": {
							"vector": [0, -37.5, 0]
						}
					},
					"position": {
						"0.0": {
							"vector": [0, 0, 0]
						},
						"0.1311": {
							"vector": [1, -1, 0]
						},
						"0.4171": {
							"vector": [1, 1, 0]
						},
						"0.5958": {
							"vector": [0, 0, 0]
						}
					}
				},
				"arm": {
					"rotation": {
						"0.0": {
							"vector": [0, 0, 0]
						},
						"0.2026": {
							"vector": [0, 0, -10],
							"easing": "easeInElastic"
						},
						"0.429": {
							"vector": [0, 0, 2.5]
						},
						"0.6077": {
							"vector": [0, 0, 0]
						}
					}
				},
				"head": {
					"rotation": {
						"0.0": {
							"vector": [0, 0, 0]
						},
						"0.143": {
							"vector": [12.5, 0, 0]
						},
						"0.429": {
							"vector": [4.98107, 0.43523, -4.98107]
						},
						"0.6077": {
							"vector": [0, 0, 0]
						}
					}
				},
				"torso": {
					"rotation": {
						"0.0": {
							"vector": [0, 0, 0]
						},
						"0.1549": {
							"vector": [7.5, 0, 0]
						},
						"0.3098": {
							"vector": [0, 0, 0]
						},
						"0.429": {
							"vector": [7.5, 0, 0]
						},
						"0.6077": {
							"vector": [0, 0, 0]
						}
					}
				},
				"pelvis": {
					"rotation": {
						"0.0": {
							"vector": [0, 0, 0]
						},
						"0.1549": {
							"vector": [7.5, 0, 0]
						},
						"0.3098": {
							"vector": [0, 0, 0]
						},
						"0.429": {
							"vector": [12.5, 0, 0]
						},
						"0.6077": {
							"vector": [0, 0, 0]
						}
					},
					"position": {
						"0.0": {
							"vector": [0, 0, 0]
						},
						"0.1549": {
							"vector": [0, 0, 1]
						},
						"0.3098": {
							"vector": [0, 0, 0]
						},
						"0.429": {
							"vector": [0, 0, 1]
						},
						"0.6077": {
							"vector": [0, 0, 0]
						}
					}
				},
				"leg2": {
					"rotation": {
						"0.0": {
							"vector": [0, 0, 0]
						},